title,director,country,date,,tr,trim_title,trim_director,trim_country,trim_date
Dick Johnson Is Dead,,Kirsten Johnson,United States,9-1-2021,,Dick Johnson Is Dead,Kirsten Johnson,United States,9-1-2021
Blood & Water,,unknown,United States,9-2-2021,,Blood & Water,Unknown,United States,9-2-2021
Ganglands,,Julien Leclercq,United States,9-3-2021,,Ganglands,Julien Leclercq,United States,9-3-2021
Jailbirds New Orleans,,unknown,United States,9-4-2021,,Jailbirds New Orleans,Unknown,United States,9-4-2021
Kota Factory,,unknown,United States,9-5-2021,,Kota Factory,Unknown,United States,9-5-2021
Midnight Mass,,Mike Flanagan,United States,9-6-2021,,Midnight Mass,Mike Flanagan,United States,9-6-2021
My Little Pony: A New Generation,,"Robert Cullen, JosÃ© Luis Ucha",United States,9-7-2021,,My Little Pony: A New Generation,"Robert Cullen, Josã© Luis Ucha",United States,9-7-2021
Sankofa,,Haile Gerima,United States,9-8-2021,,Sankofa,Haile Gerima,United States,9-8-2021
The Great British Baking Show,,Andy Devonshire,United States,9-9-2021,,The Great British Baking Show,Andy Devonshire,United States,9-9-2021
The Starling,,Theodore Melfi,United States,9-10-2021,,The Starling,Theodore Melfi,United States,9-10-2021
"Vendetta: Truth, Lies and The Mafia",,unknown,United States,9-11-2021,,"Vendetta: Truth, Lies and The Mafia",Unknown,United States,9-11-2021
Je Suis Karl,,Christian Schwochow,United States,9-12-2021,,Je Suis Karl,Christian Schwochow,United States,9-12-2021
Confessions of an Invisible Girl,,Bruno Garotti,United States,9-13-2021,,Confessions of an Invisible Girl,Bruno Garotti,United States,9-13-2021
Crime Stories: India Detectives,,unknown,United States,9-14-2021,,Crime Stories: India Detectives,Unknown,United States,9-14-2021
Dear White People,,unknown,United States,9-15-2021,,Dear White People,Unknown,United States,9-15-2021
Europe's Most Dangerous Man: Otto Skorzeny in Spain,,"Pedro de Echave GarcÃ­a, Pablo AzorÃ­n Williams",United States,9-16-2021,,Europe's Most Dangerous Man: Otto Skorzeny in Spain,"Pedro De Echave Garcã­A, Pablo Azorã­N Williams",United States,9-16-2021
Falsa identidad,,unknown,United States,9-17-2021,,Falsa identidad,Unknown,United States,9-17-2021
Intrusion,,Adam Salky,United States,9-18-2021,,Intrusion,Adam Salky,United States,9-18-2021
Jaguar,,unknown,United States,9-19-2021,,Jaguar,Unknown,United States,9-19-2021
Resurrection: Ertugrul,,unknown,United States,9-20-2021,,Resurrection: Ertugrul,Unknown,United States,9-20-2021
Avvai Shanmughi,,K.S. Ravikumar,United States,9-21-2021,,Avvai Shanmughi,K.S. Ravikumar,United States,9-21-2021
Jeans,,S. Shankar,United States,9-22-2021,,Jeans,S. Shankar,United States,9-22-2021
Love on the Spectrum,,unknown,United States,9-23-2021,,Love on the Spectrum,Unknown,United States,9-23-2021
Minsara Kanavu,,Rajiv Menon,United States,9-24-2021,,Minsara Kanavu,Rajiv Menon,United States,9-24-2021
Grown Ups,,Dennis Dugan,United States,9-25-2021,,Grown Ups,Dennis Dugan,United States,9-25-2021
Dark Skies,,Scott Stewart,United States,9-26-2021,,Dark Skies,Scott Stewart,United States,9-26-2021
Chicago Party Aunt,,unknown,United States,9-27-2021,,Chicago Party Aunt,Unknown,United States,9-27-2021
Sex Education,,unknown,United States,9-28-2021,,Sex Education,Unknown,United States,9-28-2021
Squid Game,,unknown,United States,9-29-2021,,Squid Game,Unknown,United States,9-29-2021
Tayo and Little Wizards,,unknown,United States,9-30-2021,,Tayo and Little Wizards,Unknown,United States,9-30-2021
The Father Who Moves Mountains,,Daniel Sandu,United States,10-1-2021,,The Father Who Moves Mountains,Daniel Sandu,United States,10-1-2021
The Stronghold,,CÃ©dric Jimenez,United States,10-2-2021,,The Stronghold,Cã©Dric Jimenez,United States,10-2-2021
Angry Birds,,unknown,United States,10-3-2021,,Angry Birds,Unknown,United States,10-3-2021
Birth of the Dragon,,George Nolfi,United States,10-4-2021,,Birth of the Dragon,George Nolfi,United States,10-4-2021
He-Man and the Masters of the Universe,,unknown,United States,10-5-2021,,He-Man and the Masters of the Universe,Unknown,United States,10-5-2021
Jaws,,Steven Spielberg,United States,10-6-2021,,Jaws,Steven Spielberg,United States,10-6-2021
Jaws 2,,Jeannot Szwarc,United States,10-7-2021,,Jaws 2,Jeannot Szwarc,United States,10-7-2021
Jaws 3,,Joe Alves,United States,10-8-2021,,Jaws 3,Joe Alves,United States,10-8-2021
Safe House,,Daniel Espinosa,United States,10-9-2021,,Safe House,Daniel Espinosa,United States,10-9-2021
Training Day,,Antoine Fuqua,United States,10-10-2021,,Training Day,Antoine Fuqua,United States,10-10-2021
Castle and Castle,,unknown,United States,10-11-2021,,Castle and Castle,Unknown,United States,10-11-2021
Dharmakshetra,,unknown,United States,10-12-2021,,Dharmakshetra,Unknown,United States,10-12-2021
InuYasha the Movie 2: The Castle Beyond the Looking Glass,,Toshiya Shinohara,United States,10-13-2021,,InuYasha the Movie 2: The Castle Beyond the Looking Glass,Toshiya Shinohara,United States,10-13-2021
Nailed It,,unknown,United States,10-14-2021,,Nailed It,Unknown,United States,10-14-2021
Raja Rasoi Aur Anya Kahaniyan,,unknown,United States,10-15-2021,,Raja Rasoi Aur Anya Kahaniyan,Unknown,United States,10-15-2021
Schumacher,,"Hanns-Bruno KammertÃ¶ns, Vanessa NÃ¶cker, Michael Wech",United States,10-16-2021,,Schumacher,"Hanns-Bruno Kammertã¶Ns, Vanessa Nã¶Cker, Michael Wech",United States,10-16-2021
Too Hot To Handle: Latino,,unknown,United States,10-17-2021,,Too Hot To Handle: Latino,Unknown,United States,10-17-2021
Jack Whitehall: Travels with My Father,,unknown,United States,10-18-2021,,Jack Whitehall: Travels with My Father,Unknown,United States,10-18-2021
Yowamushi Pedal,,unknown,United States,10-19-2021,,Yowamushi Pedal,Unknown,United States,10-19-2021
Tughlaq Durbar,,Delhiprasad Deenadayalan,United States,10-20-2021,,Tughlaq Durbar,Delhiprasad Deenadayalan,United States,10-20-2021
Lucifer,,unknown,United States,10-21-2021,,Lucifer,Unknown,United States,10-21-2021
Omo Ghetto: the Saga,,"JJC Skillz, Funke Akindele",United States,10-22-2021,,Omo Ghetto: the Saga,"Jjc Skillz, Funke Akindele",United States,10-22-2021
PokÃ©mon Master Journeys: The Series,,unknown,United States,10-23-2021,,PokÃ©mon Master Journeys: The Series,Unknown,United States,10-23-2021
Prey,,Thomas Sieben,United States,10-24-2021,,Prey,Thomas Sieben,United States,10-24-2021
Titipo Titipo,,unknown,United States,10-25-2021,,Titipo Titipo,Unknown,United States,10-25-2021
Blood Brothers: Malcolm X & Muhammad Ali,,Marcus Clarke,United States,10-26-2021,,Blood Brothers: Malcolm X & Muhammad Ali,Marcus Clarke,United States,10-26-2021
Paradise Hills,,Alice Waddington,United States,10-27-2021,,Paradise Hills,Alice Waddington,United States,10-27-2021
JJ+E,,Alexis AlmstrÃ¶m,United States,10-28-2021,,JJ+E,Alexis Almstrã¶M,United States,10-28-2021
If I Leave Here Tomorrow: A Film About Lynyrd Skynyrd,,Stephen Kijak,United States,10-29-2021,,If I Leave Here Tomorrow: A Film About Lynyrd Skynyrd,Stephen Kijak,United States,10-29-2021
Kid Cosmic,,unknown,United States,10-30-2021,,Kid Cosmic,Unknown,United States,10-30-2021
Octonauts: Above & Beyond,,unknown,United States,10-31-2021,,Octonauts: Above & Beyond,Unknown,United States,10-31-2021
Countdown: Inspiration4 Mission to Space,,Jason Hehir,United States,11-1-2021,,Countdown: Inspiration4 Mission to Space,Jason Hehir,United States,11-1-2021
A Champion Heart,,David de Vos,United States,11-2-2021,,A Champion Heart,David De Vos,United States,11-2-2021
Dive Club,,unknown,United States,11-3-2021,,Dive Club,Unknown,United States,11-3-2021
La casa de papel,,unknown,United States,11-4-2021,,La casa de papel,Unknown,United States,11-4-2021
Money Heist: From Tokyo to Berlin,,"Luis Alfaro, Javier GÃ³mez Santander",United States,11-5-2021,,Money Heist: From Tokyo to Berlin,"Luis Alfaro, Javier Gã³Mez Santander",United States,11-5-2021
Worth,,Sara Colangelo,United States,11-6-2021,,Worth,Sara Colangelo,United States,11-6-2021
Afterlife of the Party,,Stephen Herek,United States,11-7-2021,,Afterlife of the Party,Stephen Herek,United States,11-7-2021
Bright Star,,Jane Campion,United States,11-8-2021,,Bright Star,Jane Campion,United States,11-8-2021
Dhanak,,Nagesh Kukunoor,United States,11-9-2021,,Dhanak,Nagesh Kukunoor,United States,11-9-2021
Q-Force,,unknown,United States,11-10-2021,,Q-Force,Unknown,United States,11-10-2021
Barbie Big City Big Dreams,,Scott Pleydell-Pearce,United States,11-11-2021,,Barbie Big City Big Dreams,Scott Pleydell-Pearce,United States,11-11-2021
Blade Runner: The Final Cut,,Ridley Scott,United States,11-12-2021,,Blade Runner: The Final Cut,Ridley Scott,United States,11-12-2021
Brave Animated Series,,unknown,United States,11-13-2021,,Brave Animated Series,Unknown,United States,11-13-2021
Chappie,,Neill Blomkamp,United States,11-14-2021,,Chappie,Neill Blomkamp,United States,11-14-2021
Crocodile Dundee in Los Angeles,,Simon Wincer,United States,11-15-2021,,Crocodile Dundee in Los Angeles,Simon Wincer,United States,11-15-2021
Do the Right Thing,,Spike Lee,United States,11-16-2021,,Do the Right Thing,Spike Lee,United States,11-16-2021
House Party,,Reginald Hudlin,United States,11-17-2021,,House Party,Reginald Hudlin,United States,11-17-2021
House Party 2,,"George Jackson, Doug McHenry",United States,11-18-2021,,House Party 2,"George Jackson, Doug Mchenry",United States,11-18-2021
House Party 3,,Eric Meza,United States,11-19-2021,,House Party 3,Eric Meza,United States,11-19-2021
HQ Barbers,,Gerhard Mostert,United States,11-20-2021,,HQ Barbers,Gerhard Mostert,United States,11-20-2021
Initial D,,"Andrew Lau Wai-keung, Alan Mak",United States,11-21-2021,,Initial D,"Andrew Lau Wai-Keung, Alan Mak",United States,11-21-2021
Kuroko's Basketball,,unknown,United States,11-22-2021,,Kuroko's Basketball,Unknown,United States,11-22-2021
Labyrinth,,Jim Henson,United States,11-23-2021,,Labyrinth,Jim Henson,United States,11-23-2021
Letters to Juliet,,Gary Winick,United States,11-24-2021,,Letters to Juliet,Gary Winick,United States,11-24-2021
Mars Attacks!,,Tim Burton,United States,11-25-2021,,Mars Attacks!,Tim Burton,United States,11-25-2021
Once Upon a Time in America,,Sergio Leone,United States,11-26-2021,,Once Upon a Time in America,Sergio Leone,United States,11-26-2021
Osmosis Jones,,"Bobby Farrelly, Peter Farrelly",United States,11-27-2021,,Osmosis Jones,"Bobby Farrelly, Peter Farrelly",United States,11-27-2021
Same Kind of Different as Me,,Michael Carney,United States,11-28-2021,,Same Kind of Different as Me,Michael Carney,United States,11-28-2021
Snervous Tyler Oakley,,Amy Rice,United States,11-29-2021,,Snervous Tyler Oakley,Amy Rice,United States,11-29-2021
The Guns of Navarone,,J. Lee Thompson,United States,11-30-2021,,The Guns of Navarone,J. Lee Thompson,United States,11-30-2021
Turning Point: 9/11 and the War on Terror,,unknown,United States,12-1-2021,,Turning Point: 9/11 and the War on Terror,Unknown,United States,12-1-2021
The Ingenuity of the Househusband,,unknown,United States,12-2-2021,,The Ingenuity of the Househusband,Unknown,United States,12-2-2021
Wind River,,Taylor Sheridan,United States,12-3-2021,,Wind River,Taylor Sheridan,United States,12-3-2021
C Kkompany,,Sachin Yardi,United States,12-4-2021,,C Kkompany,Sachin Yardi,United States,12-4-2021
Deadly Sins,,unknown,United States,12-5-2021,,Deadly Sins,Unknown,United States,12-5-2021
King of Boys: The Return of the King,,Kemi Adetiba,United States,12-6-2021,,King of Boys: The Return of the King,Kemi Adetiba,United States,12-6-2021
Krishna Cottage,,Santram Varma,United States,12-7-2021,,Krishna Cottage,Santram Varma,United States,12-7-2021
Kyo Kii... Main Jhuth Nahin Bolta,,David Dhawan,United States,12-8-2021,,Kyo Kii... Main Jhuth Nahin Bolta,David Dhawan,United States,12-8-2021
Mission Istaanbul: Darr Ke Aagey Jeet Hai,,Apoorva Lakhia,United States,12-9-2021,,Mission Istaanbul: Darr Ke Aagey Jeet Hai,Apoorva Lakhia,United States,12-9-2021
Once Upon a Time in Mumbaai,,Milan Luthria,United States,12-10-2021,,Once Upon a Time in Mumbaai,Milan Luthria,United States,12-10-2021
Ragini MMS,,Pawan Kripalani,United States,12-11-2021,,Ragini MMS,Pawan Kripalani,United States,12-11-2021
Titletown High,,unknown,United States,12-12-2021,,Titletown High,Unknown,United States,12-12-2021
Clickbait,,Brad Anderson,United States,12-13-2021,,Clickbait,Brad Anderson,United States,12-13-2021
Motel Makeover,,unknown,United States,12-14-2021,,Motel Makeover,Unknown,United States,12-14-2021
Post Mortem: No One Dies in Skarnes,,unknown,United States,12-15-2021,,Post Mortem: No One Dies in Skarnes,Unknown,United States,12-15-2021
Really Love,,Angel Kristi Williams,United States,12-16-2021,,Really Love,Angel Kristi Williams,United States,12-16-2021
The Old Ways,,Christopher Alender,United States,12-17-2021,,The Old Ways,Christopher Alender,United States,12-17-2021
Untold: Caitlyn Jenner,,Crystal Moselle,United States,12-18-2021,,Untold: Caitlyn Jenner,Crystal Moselle,United States,12-18-2021
Boomika,,Rathindran R Prasad,United States,12-19-2021,,Boomika,Rathindran R Prasad,United States,12-19-2021
The Witcher: Nightmare of the Wolf,,Han Kwang Il,United States,12-20-2021,,The Witcher: Nightmare of the Wolf,Han Kwang Il,United States,12-20-2021
Manifest,,unknown,United States,12-21-2021,,Manifest,Unknown,United States,12-21-2021
Everything Will Be Fine,,unknown,United States,12-22-2021,,Everything Will Be Fine,Unknown,United States,12-22-2021
The Loud House Movie,,Dave Needham,United States,12-23-2021,,The Loud House Movie,Dave Needham,United States,12-23-2021
Walk of Shame,,Steve Brill,United States,12-24-2021,,Walk of Shame,Steve Brill,United States,12-24-2021
Rascal Does Not Dream of Bunny Girl Senpai,,unknown,United States,12-25-2021,,Rascal Does Not Dream of Bunny Girl Senpai,Unknown,United States,12-25-2021
The Piano,,Jane Campion,United States,12-26-2021,,The Piano,Jane Campion,United States,12-26-2021
Valeria,,Inma Torrente,United States,12-27-2021,,Valeria,Inma Torrente,United States,12-27-2021
AlRawabi School for Girls,,unknown,United States,12-28-2021,,AlRawabi School for Girls,Unknown,United States,12-28-2021
Lokillo: Nothing's the Same,,JuliÃ¡n Gaviria,United States,12-29-2021,,Lokillo: Nothing's the Same,Juliã¡N Gaviria,United States,12-29-2021
Monster Hunter: Legends of the Guild,,Steven Yamamoto,United States,12-30-2021,,Monster Hunter: Legends of the Guild,Steven Yamamoto,United States,12-30-2021
The Crowned Clown,,unknown,United States,12-31-2021,,The Crowned Clown,Unknown,United States,12-31-2021
Takizawa Kabuki ZERO 2020 The Movie,,Hideaki Takizawa,United States,1-1-2022,,Takizawa Kabuki ZERO 2020 The Movie,Hideaki Takizawa,United States,1-1-2022
Hit & Run,,unknown,United States,1-2-2022,,Hit & Run,Unknown,United States,1-2-2022
The Swarm,,Just Philippot,United States,1-3-2022,,The Swarm,Just Philippot,United States,1-3-2022
Esperando la carroza,,Alejandro Doria,United States,1-4-2022,,Esperando la carroza,Alejandro Doria,United States,1-4-2022
Tango Feroz,,Marcelo PiÃ±eyro,United States,1-5-2022,,Tango Feroz,Marcelo Piã±Eyro,United States,1-5-2022
American Masters: Inventing David Geffen,,Susan Lacy,United States,1-6-2022,,American Masters: Inventing David Geffen,Susan Lacy,United States,1-6-2022
Cocaine Cowboys: The Kings of Miami,,Billy Corben,United States,1-7-2022,,Cocaine Cowboys: The Kings of Miami,Billy Corben,United States,1-7-2022
Cloudy with a Chance of Meatballs,,"Phil Lord, Christopher Miller",United States,1-8-2022,,Cloudy with a Chance of Meatballs,"Phil Lord, Christopher Miller",United States,1-8-2022
Darwinâ€™s Game,,unknown,United States,1-9-2022,,Darwinâ€™s Game,Unknown,United States,1-9-2022
Deep Blue Sea,,Renny Harlin,United States,1-10-2022,,Deep Blue Sea,Renny Harlin,United States,1-10-2022
Ferris Bueller's Day Off,,John Hughes,United States,1-11-2022,,Ferris Bueller's Day Off,John Hughes,United States,1-11-2022
Friday Night Lights,,unknown,United States,1-12-2022,,Friday Night Lights,Unknown,United States,1-12-2022
Inception,,Christopher Nolan,United States,1-13-2022,,Inception,Christopher Nolan,United States,1-13-2022
My Girl 2,,Howard Zieff,United States,1-14-2022,,My Girl 2,Howard Zieff,United States,1-14-2022
Seabiscuit,,Gary Ross,United States,1-15-2022,,Seabiscuit,Gary Ross,United States,1-15-2022
Space Cowboys,,Clint Eastwood,United States,1-16-2022,,Space Cowboys,Clint Eastwood,United States,1-16-2022
Team America: World Police,,Trey Parker,United States,1-17-2022,,Team America: World Police,Trey Parker,United States,1-17-2022
The Machinist,,Brad Anderson,United States,1-18-2022,,The Machinist,Brad Anderson,United States,1-18-2022
Charmed,,unknown,United States,1-19-2022,,Charmed,Unknown,United States,1-19-2022
The Vault,,Jaume BalaguerÃ³,United States,1-20-2022,,The Vault,Jaume Balaguerã³,United States,1-20-2022
Glow Up,,unknown,United States,1-21-2022,,Glow Up,Unknown,United States,1-21-2022
Outer Banks,,unknown,United States,1-22-2022,,Outer Banks,Unknown,United States,1-22-2022
Transformers: War for Cybertron: Kingdom,,unknown,United States,1-23-2022,,Transformers: War for Cybertron: Kingdom,Unknown,United States,1-23-2022
The Flash,,Glen Winter,United States,1-24-2022,,The Flash,Glen Winter,United States,1-24-2022
How to Sell Drugs Online (Fast),,unknown,United States,1-25-2022,,How to Sell Drugs Online (Fast),Unknown,United States,1-25-2022
Plastic Cup Boyz: Laughing My Mask Off!,,"Royale Watkins, Rich Schlansker",United States,1-26-2022,,Plastic Cup Boyz: Laughing My Mask Off!,"Royale Watkins, Rich Schlansker",United States,1-26-2022
The Walking Dead,,unknown,United States,1-27-2022,,The Walking Dead,Unknown,United States,1-27-2022
A Second Chance:  Rivals!,,Clay Glen,United States,1-28-2022,,A Second Chance: Rivals!,Clay Glen,United States,1-28-2022
Masters of the Universe: Revelation,,unknown,United States,1-29-2022,,Masters of the Universe: Revelation,Unknown,United States,1-29-2022
Revelations: The Masters of the Universe: Revelation Aftershow,,unknown,United States,1-30-2022,,Revelations: The Masters of the Universe: Revelation Aftershow,Unknown,United States,1-30-2022
Chicago Med,,unknown,United States,1-31-2022,,Chicago Med,Unknown,United States,1-31-2022
Words Bubble Up Like Soda Pop,,Kyohei Ishiguro,United States,2-1-2022,,Words Bubble Up Like Soda Pop,Kyohei Ishiguro,United States,2-1-2022
Okupas,,unknown,United States,2-2-2022,,Okupas,Unknown,United States,2-2-2022
Touch Your Heart,,unknown,United States,2-3-2022,,Touch Your Heart,Unknown,United States,2-3-2022
Fear Street Part 3: 1666,,Leigh Janiak,United States,2-4-2022,,Fear Street Part 3: 1666,Leigh Janiak,United States,2-4-2022
Twilight,,Catherine Hardwicke,United States,2-5-2022,,Twilight,Catherine Hardwicke,United States,2-5-2022
Emicida: AmarElo - Live in SÃ£o Paulo,,Fred Ouro Preto,United States,2-6-2022,,Emicida: AmarElo - Live in SÃ£o Paulo,Fred Ouro Preto,United States,2-6-2022
Never Have I Ever,,unknown,United States,2-7-2022,,Never Have I Ever,Unknown,United States,2-7-2022
Surf's Up,,"Ash Brannon, Chris Buck",United States,2-8-2022,,Surf's Up,"Ash Brannon, Chris Buck",United States,2-8-2022
Day of Destiny,,"Akay Mason, Abosi Ogba",United States,2-9-2022,,Day of Destiny,"Akay Mason, Abosi Ogba",United States,2-9-2022
The Tour,,Juraj Å ajmoviÄ,United States,2-10-2022,,The Tour,Juraj Å Ajmoviä,United States,2-10-2022
Virgin River,,unknown,United States,2-11-2022,,Virgin River,Unknown,United States,2-11-2022
RESIDENT EVIL: Infinite Darkness,,unknown,United States,2-12-2022,,RESIDENT EVIL: Infinite Darkness,Unknown,United States,2-12-2022
This Little Love Of Mine,,Christine Luby,United States,2-13-2022,,This Little Love Of Mine,Christine Luby,United States,2-13-2022
Colony,,unknown,United States,2-14-2022,,Colony,Unknown,United States,2-14-2022
Larva,,unknown,United States,2-15-2022,,Larva,Unknown,United States,2-15-2022
Marcella,,unknown,United States,2-16-2022,,Marcella,Unknown,United States,2-16-2022
Scream,,unknown,United States,2-17-2022,,Scream,Unknown,United States,2-17-2022
Tales by Light,,unknown,United States,2-18-2022,,Tales by Light,Unknown,United States,2-18-2022
The A List,,unknown,United States,2-19-2022,,The A List,Unknown,United States,2-19-2022
The New Legends of Monkey,,unknown,United States,2-20-2022,,The New Legends of Monkey,Unknown,United States,2-20-2022
Haseen Dillruba,,Vinil Mathew,United States,2-21-2022,,Haseen Dillruba,Vinil Mathew,United States,2-21-2022
Snowpiercer,,Bong Joon Ho,United States,2-22-2022,,Snowpiercer,Bong Joon Ho,United States,2-22-2022
Austin Powers: The Spy Who Shagged Me,,Jay Roach,United States,2-23-2022,,Austin Powers: The Spy Who Shagged Me,Jay Roach,United States,2-23-2022
Bureau of Magical Things,,unknown,United States,2-24-2022,,Bureau of Magical Things,Unknown,United States,2-24-2022
Congo,,Frank Marshall,United States,2-25-2022,,Congo,Frank Marshall,United States,2-25-2022
Mary Magdalene,,Garth Davis,United States,2-26-2022,,Mary Magdalene,Garth Davis,United States,2-26-2022
Midnight Run,,Martin Brest,United States,2-27-2022,,Midnight Run,Martin Brest,United States,2-27-2022
Talladega Nights: The Ballad of Ricky Bobby,,Adam McKay,United States,2-28-2022,,Talladega Nights: The Ballad of Ricky Bobby,Adam Mckay,United States,2-28-2022
The Karate Kid,,John G. Avildsen,United States,3-1-2022,,The Karate Kid,John G. Avildsen,United States,3-1-2022
The Karate Kid Part II,,John G. Avildsen,United States,3-2-2022,,The Karate Kid Part II,John G. Avildsen,United States,3-2-2022
The Strangers,,Bryan Bertino,United States,3-3-2022,,The Strangers,Bryan Bertino,United States,3-3-2022
The Tourist,,Florian Henckel von Donnersmarck,United States,3-4-2022,,The Tourist,Florian Henckel Von Donnersmarck,United States,3-4-2022
What Dreams May Come,,Vincent Ward,United States,3-5-2022,,What Dreams May Come,Vincent Ward,United States,3-5-2022
Why Do Fools Fall in Love,,Gregory Nava,United States,3-6-2022,,Why Do Fools Fall in Love,Gregory Nava,United States,3-6-2022
LegendÂ ofÂ Exorcism,,Shen Leping,United States,3-7-2022,,LegendÂ ofÂ Exorcism,Shen Leping,United States,3-7-2022
Too Hot to Handle,,unknown,United States,3-8-2022,,Too Hot to Handle,Unknown,United States,3-8-2022
Love Is a Story,,Cristina Jacob,United States,3-9-2022,,Love Is a Story,Cristina Jacob,United States,3-9-2022
The Mole,,unknown,United States,3-10-2022,,The Mole,Unknown,United States,3-10-2022
Hap and Leonard,,unknown,United States,3-11-2022,,Hap and Leonard,Unknown,United States,3-11-2022
No Time for Shame,,unknown,United States,3-12-2022,,No Time for Shame,Unknown,United States,3-12-2022
The Assassination of Gianni Versace,,unknown,United States,3-13-2022,,The Assassination of Gianni Versace,Unknown,United States,3-13-2022
They've Gotta Have Us,,Simon Frederick,United States,3-14-2022,,They've Gotta Have Us,Simon Frederick,United States,3-14-2022
Hospital Playlist,,unknown,United States,3-15-2022,,Hospital Playlist,Unknown,United States,3-15-2022
Mobile Suit Gundam I,,"Yoshiyuki Tomino, Yoshikazu Yasuhiko",United States,3-16-2022,,Mobile Suit Gundam I,"Yoshiyuki Tomino, Yoshikazu Yasuhiko",United States,3-16-2022
Black Summer,,unknown,United States,3-17-2022,,Black Summer,Unknown,United States,3-17-2022
Beyond Evil,,unknown,United States,3-18-2022,,Beyond Evil,Unknown,United States,3-18-2022
Trese,,Jay Oliva,United States,3-19-2022,,Trese,Jay Oliva,United States,3-19-2022
Trese After Dark,,unknown,United States,3-20-2022,,Trese After Dark,Unknown,United States,3-20-2022
A Haunted House 2,,Michael Tiddes,United States,3-21-2022,,A Haunted House 2,Michael Tiddes,United States,3-21-2022
Locombianos,,unknown,United States,3-22-2022,,Locombianos,Unknown,United States,3-22-2022
Kitty Love: An Homage to Cats,,unknown,United States,3-23-2022,,Kitty Love: An Homage to Cats,Unknown,United States,3-23-2022
Feel Good,,Ally Pankiw,United States,3-24-2022,,Feel Good,Ally Pankiw,United States,3-24-2022
2 Hearts,,Lance Hool,United States,3-25-2022,,2 Hearts,Lance Hool,United States,3-25-2022
A Perfect Ending,,Nicole Conn,United States,3-26-2022,,A Perfect Ending,Nicole Conn,United States,3-26-2022
And Then Came Lola,,"Ellen Seidler, Megan Siler",United States,3-27-2022,,And Then Came Lola,"Ellen Seidler, Megan Siler",United States,3-27-2022
Battlefield Earth,,Roger Christian,United States,3-28-2022,,Battlefield Earth,Roger Christian,United States,3-28-2022
Hostel: Part III,,Scott Spiegel,United States,3-29-2022,,Hostel: Part III,Scott Spiegel,United States,3-29-2022
Never Back Down 2: The Beatdown,,Michael Jai White,United States,3-30-2022,,Never Back Down 2: The Beatdown,Michael Jai White,United States,3-30-2022
Ouran High School Host Club,,Takuya Igarashi,United States,3-31-2022,,Ouran High School Host Club,Takuya Igarashi,United States,3-31-2022
The Girl King,,Mika KaurismÃ¤ki,United States,4-1-2022,,The Girl King,Mika Kaurismã¤Ki,United States,4-1-2022
The Wedding Guest,,Michael Winterbottom,United States,4-2-2022,,The Wedding Guest,Michael Winterbottom,United States,4-2-2022
Blue Miracle,,Julio Quintana,United States,4-3-2022,,Blue Miracle,Julio Quintana,United States,4-3-2022
Baggio: The Divine Ponytail,,Letizia Lamartire,United States,4-4-2022,,Baggio: The Divine Ponytail,Letizia Lamartire,United States,4-4-2022
Army of the Dead,,Zack Snyder,United States,4-5-2022,,Army of the Dead,Zack Snyder,United States,4-5-2022
Hating Peter Tatchell,,Christopher Amos,United States,4-6-2022,,Hating Peter Tatchell,Christopher Amos,United States,4-6-2022
Sleight,,J.D. Dillard,United States,4-7-2022,,Sleight,J.D. Dillard,United States,4-7-2022
Cinema Bandi,,Praveen Kandregula,United States,4-8-2022,,Cinema Bandi,Praveen Kandregula,United States,4-8-2022
Haunted,,unknown,United States,4-9-2022,,Haunted,Unknown,United States,4-9-2022
"Love, Death & Robots",,unknown,United States,4-10-2022,,"Love, Death & Robots",Unknown,United States,4-10-2022
The Mystic River,,Uzodinma Okpechi,United States,4-11-2022,,The Mystic River,Uzodinma Okpechi,United States,4-11-2022
Layer Cake,,Matthew Vaughn,United States,4-12-2022,,Layer Cake,Matthew Vaughn,United States,4-12-2022
Deadly Switch,,Svetlana Cvetko,United States,4-13-2022,,Deadly Switch,Svetlana Cvetko,United States,4-13-2022
Framing John DeLorean,,"Don Argott, Sheena M. Joyce",United States,4-14-2022,,Framing John DeLorean,"Don Argott, Sheena M. Joyce",United States,4-14-2022
Best of the Best,,Robert Radler,United States,4-15-2022,,Best of the Best,Robert Radler,United States,4-15-2022
The Lovely Bones,,Peter Jackson,United States,4-16-2022,,The Lovely Bones,Peter Jackson,United States,4-16-2022
Zack and Miri Make a Porno,,Kevin Smith,United States,4-17-2022,,Zack and Miri Make a Porno,Kevin Smith,United States,4-17-2022
Crimson Peak,,Guillermo del Toro,United States,4-18-2022,,Crimson Peak,Guillermo Del Toro,United States,4-18-2022
Love Naggers,,unknown,United States,4-19-2022,,Love Naggers,Unknown,United States,4-19-2022
GANTZ:O,,"Keiichi Sato, Yasushi Kawamura",United States,4-20-2022,,GANTZ:O,"Keiichi Sato, Yasushi Kawamura",United States,4-20-2022
Zoot Suit,,Luis Valdez,United States,4-21-2022,,Zoot Suit,Luis Valdez,United States,4-21-2022
House of Cards,,unknown,United States,4-22-2022,,House of Cards,Unknown,United States,4-22-2022
Signal,,unknown,United States,4-23-2022,,Signal,Unknown,United States,4-23-2022
Slasher,,unknown,United States,4-24-2022,,Slasher,Unknown,United States,4-24-2022
Roohi,,Hardik Mehta,United States,4-25-2022,,Roohi,Hardik Mehta,United States,4-25-2022
This Is a Robbery: The World's Biggest Art Heist,,unknown,United States,4-26-2022,,This Is a Robbery: The World's Biggest Art Heist,Unknown,United States,4-26-2022
Ferrari Ki Sawaari,,Rajesh Mapuskar,United States,4-27-2022,,Ferrari Ki Sawaari,Rajesh Mapuskar,United States,4-27-2022
My Fair Lady,,George Cukor,United States,4-28-2022,,My Fair Lady,George Cukor,United States,4-28-2022
Prank Encounters,,unknown,United States,4-29-2022,,Prank Encounters,Unknown,United States,4-29-2022
A Week Away,,Roman White,United States,4-30-2022,,A Week Away,Roman White,United States,4-30-2022
Men on a Mission,,Jung-ah Im,United States,5-1-2022,,Men on a Mission,Jung-Ah Im,United States,5-1-2022
Get on Up,,Tate Taylor,United States,5-2-2022,,Get on Up,Tate Taylor,United States,5-2-2022
The Lost Pirate Kingdom,,unknown,United States,5-3-2022,,The Lost Pirate Kingdom,Unknown,United States,5-3-2022
Zero Chill,,unknown,United States,5-4-2022,,Zero Chill,Unknown,United States,5-4-2022
Love Alarm,,unknown,United States,5-5-2022,,Love Alarm,Unknown,United States,5-5-2022
The Block Island Sound,,"Kevin McManus, Matthew McManus",United States,5-6-2022,,The Block Island Sound,"Kevin Mcmanus, Matthew Mcmanus",United States,5-6-2022
PokÃ©mon Journeys: The Series,,unknown,United States,5-7-2022,,PokÃ©mon Journeys: The Series,Unknown,United States,5-7-2022
Moxie,,Amy Poehler,United States,5-8-2022,,Moxie,Amy Poehler,United States,5-8-2022
Two Sentence Horror Stories,,unknown,United States,5-9-2022,,Two Sentence Horror Stories,Unknown,United States,5-9-2022
I Care a Lot,,J Blakeson,United States,5-10-2022,,I Care a Lot,J Blakeson,United States,5-10-2022
MeatEater,,unknown,United States,5-11-2022,,MeatEater,Unknown,United States,5-11-2022
El Chema,,unknown,United States,5-12-2022,,El Chema,Unknown,United States,5-12-2022
Love Daily,,unknown,United States,5-13-2022,,Love Daily,Unknown,United States,5-13-2022
My Dead Ex,,unknown,United States,5-14-2022,,My Dead Ex,Unknown,United States,5-14-2022
Zac and Mia,,unknown,United States,5-15-2022,,Zac and Mia,Unknown,United States,5-15-2022
Zathura,,Jon Favreau,United States,5-16-2022,,Zathura,Jon Favreau,United States,5-16-2022
Outlander,,unknown,United States,5-17-2022,,Outlander,Unknown,United States,5-17-2022
So My Grandmaâ€™s a Lesbian!,,Ãngeles ReinÃ©,United States,5-18-2022,,So My Grandmaâ€™s a Lesbian!,ÃNgeles Reinã©,United States,5-18-2022
A Monster Calls,,J.A. Bayona,United States,5-19-2022,,A Monster Calls,J.A. Bayona,United States,5-19-2022
Carmen Sandiego,,unknown,United States,5-20-2022,,Carmen Sandiego,Unknown,United States,5-20-2022
Disenchantment,,unknown,United States,5-21-2022,,Disenchantment,Unknown,United States,5-21-2022
Last Tango in Halifax,,Juliet May,United States,5-22-2022,,Last Tango in Halifax,Juliet May,United States,5-22-2022
The Idhun Chronicles,,Maite Ruiz De Austri,United States,5-23-2022,,The Idhun Chronicles,Maite Ruiz De Austri,United States,5-23-2022
History of Swear Words,,unknown,United States,5-24-2022,,History of Swear Words,Unknown,United States,5-24-2022
Playing for Keeps,,Gabriele Muccino,United States,5-25-2022,,Playing for Keeps,Gabriele Muccino,United States,5-25-2022
Cobra Kai,,unknown,United States,5-26-2022,,Cobra Kai,Unknown,United States,5-26-2022
Full Out 2: You Got This!,,Jeff Deverett,United States,5-27-2022,,Full Out 2: You Got This!,Jeff Deverett,United States,5-27-2022
Into the Wild,,Sean Penn,United States,5-28-2022,,Into the Wild,Sean Penn,United States,5-28-2022
Jenni Rivera: Mariposa de Barrio,,unknown,United States,5-29-2022,,Jenni Rivera: Mariposa de Barrio,Unknown,United States,5-29-2022
Alaska Is a Drag,,Shaz Bennett,United States,5-30-2022,,Alaska Is a Drag,Shaz Bennett,United States,5-30-2022
Chilling Adventures of Sabrina,,unknown,United States,5-31-2022,,Chilling Adventures of Sabrina,Unknown,United States,5-31-2022
Tarung Sarung,,Archie Hekagery,United States,6-1-2022,,Tarung Sarung,Archie Hekagery,United States,6-1-2022
Equinox,,unknown,United States,6-2-2022,,Equinox,Unknown,United States,6-2-2022
Still Game,,unknown,United States,6-3-2022,,Still Game,Unknown,United States,6-3-2022
The History of Future Folk,,"John Mitchell, Jeremy Kipp Walker",United States,6-4-2022,,The History of Future Folk,"John Mitchell, Jeremy Kipp Walker",United States,6-4-2022
QLIMAX THE SOURCE,,"Daan Jansen, Stijn Verlinde",United States,6-5-2022,,QLIMAX THE SOURCE,"Daan Jansen, Stijn Verlinde",United States,6-5-2022
Shaun the Sheep,,unknown,United States,6-6-2022,,Shaun the Sheep,Unknown,United States,6-6-2022
BREAK IT ALL: The History of Rock in Latin America,,Picky Talarico,United States,6-7-2022,,BREAK IT ALL: The History of Rock in Latin America,Picky Talarico,United States,6-7-2022
Grizzlies,,Miranda de Pencier,United States,6-8-2022,,Grizzlies,Miranda De Pencier,United States,6-8-2022
Tiny Pretty Things,,unknown,United States,6-9-2022,,Tiny Pretty Things,Unknown,United States,6-9-2022
The Prom,,Ryan Murphy,United States,6-10-2022,,The Prom,Ryan Murphy,United States,6-10-2022
Alice in Borderland,,unknown,United States,6-11-2022,,Alice in Borderland,Unknown,United States,6-11-2022
The Expanding Universe of Ashley Garcia,,unknown,United States,6-12-2022,,The Expanding Universe of Ashley Garcia,Unknown,United States,6-12-2022
Detention,,"Su I-Hsuan, Chuang Shiang-an, Liu Yi",United States,6-13-2022,,Detention,"Su I-Hsuan, Chuang Shiang-An, Liu Yi",United States,6-13-2022
Christmas Crossfire,,Detlev Buck,United States,6-14-2022,,Christmas Crossfire,Detlev Buck,United States,6-14-2022
Stargate SG-1,,unknown,United States,6-15-2022,,Stargate SG-1,Unknown,United States,6-15-2022
The Guest,,unknown,United States,6-16-2022,,The Guest,Unknown,United States,6-16-2022
Dance Dreams: Hot Chocolate Nutcracker,,Oliver Bokelberg,United States,6-17-2022,,Dance Dreams: Hot Chocolate Nutcracker,Oliver Bokelberg,United States,6-17-2022
A Very Country Christmas,,Justin G. Dyck,United States,6-18-2022,,A Very Country Christmas,Justin G. Dyck,United States,6-18-2022
Hometown Holiday,,Justin G. Dyck,United States,6-19-2022,,Hometown Holiday,Justin G. Dyck,United States,6-19-2022
White Christmas,,Michael Curtiz,United States,6-20-2022,,White Christmas,Michael Curtiz,United States,6-20-2022
The Liberator,,unknown,United States,6-21-2022,,The Liberator,Unknown,United States,6-21-2022
A New York Christmas Wedding,,Otoja Abit,United States,6-22-2022,,A New York Christmas Wedding,Otoja Abit,United States,6-22-2022
Operation Christmas Drop,,Martin Wood,United States,6-23-2022,,Operation Christmas Drop,Martin Wood,United States,6-23-2022
Wheels of Fortune,,Shaun Paul Piccinino,United States,6-24-2022,,Wheels of Fortune,Shaun Paul Piccinino,United States,6-24-2022
La Gran IlusiÃ³n,,Antonio DÃ­az,United States,6-25-2022,,La Gran IlusiÃ³n,Antonio Dã­Az,United States,6-25-2022
The Devil Punisher,,"Chang Chin-jung, Chen Rong-hui",United States,6-26-2022,,The Devil Punisher,"Chang Chin-Jung, Chen Rong-Hui",United States,6-26-2022
My Next Guest Needs No Introduction With David Letterman,,unknown,United States,6-27-2022,,My Next Guest Needs No Introduction With David Letterman,Unknown,United States,6-27-2022
A Choo,,"Kevin Ko, Peter Tsi",United States,6-28-2022,,A Choo,"Kevin Ko, Peter Tsi",United States,6-28-2022
The Cabin with Bert Kreischer,,unknown,United States,6-29-2022,,The Cabin with Bert Kreischer,Unknown,United States,6-29-2022
Disco Dancer,,B. Subhash,United States,6-30-2022,,Disco Dancer,B. Subhash,United States,6-30-2022
H2O: Just Add Water,,unknown,United States,7-1-2022,,H2O: Just Add Water,Unknown,United States,7-1-2022
"Good Morning, VerÃ´nica",,unknown,United States,7-2-2022,,"Good Morning, VerÃ´nica",Unknown,United States,7-2-2022
Real Steel,,Shawn Levy,United States,7-3-2022,,Real Steel,Shawn Levy,United States,7-3-2022
Cleverman,,unknown,United States,7-4-2022,,Cleverman,Unknown,United States,7-4-2022
Away,,unknown,United States,7-5-2022,,Away,Unknown,United States,7-5-2022
The Witcher: A Look Inside the Episodes,,unknown,United States,7-6-2022,,The Witcher: A Look Inside the Episodes,Unknown,United States,7-6-2022
Children of the Sea,,Ayumu Watanabe,United States,7-7-2022,,Children of the Sea,Ayumu Watanabe,United States,7-7-2022
Thomas and Friends,,Greg Tiernan,United States,7-8-2022,,Thomas and Friends,Greg Tiernan,United States,7-8-2022
Baewatch: Parental Guidance,,unknown,United States,7-9-2022,,Baewatch: Parental Guidance,Unknown,United States,7-9-2022
Islands of Faith,,Chairun Nissa,United States,7-10-2022,,Islands of Faith,Chairun Nissa,United States,7-10-2022
The Next Step,,unknown,United States,7-11-2022,,The Next Step,Unknown,United States,7-11-2022
What Keeps You Alive,,Colin Minihan,United States,7-12-2022,,What Keeps You Alive,Colin Minihan,United States,7-12-2022
The Umbrella Academy,,unknown,United States,7-13-2022,,The Umbrella Academy,Unknown,United States,7-13-2022
Skin Decision: Before and After,,unknown,United States,7-14-2022,,Skin Decision: Before and After,Unknown,United States,7-14-2022
The Epic Tales of Captain Underpants in Space,,unknown,United States,7-15-2022,,The Epic Tales of Captain Underpants in Space,Unknown,United States,7-15-2022
The Protector,,unknown,United States,7-16-2022,,The Protector,Unknown,United States,7-16-2022
Ride Like a Girl,,Rachel Griffiths,United States,7-17-2022,,Ride Like a Girl,Rachel Griffiths,United States,7-17-2022
Eurovision Song Contest: The Story of Fire Saga,,David Dobkin,United States,7-18-2022,,Eurovision Song Contest: The Story of Fire Saga,David Dobkin,United States,7-18-2022
Twogether,,unknown,United States,7-19-2022,,Twogether,Unknown,United States,7-19-2022
"Roswell, New Mexico",,unknown,United States,7-20-2022,,"Roswell, New Mexico",Unknown,United States,7-20-2022
Okko's Inn,,Kitaro Kosaka,United States,7-21-2022,,Okko's Inn,Kitaro Kosaka,United States,7-21-2022
The Witch: Part 1 - The Subversion,,Park Hoon-jung,United States,7-22-2022,,The Witch: Part 1 - The Subversion,Park Hoon-Jung,United States,7-22-2022
Queen of the South,,unknown,United States,7-23-2022,,Queen of the South,Unknown,United States,7-23-2022
Supernatural,,Phil Sgriccia,United States,7-24-2022,,Supernatural,Phil Sgriccia,United States,7-24-2022
Dear My Friends,,unknown,United States,7-25-2022,,Dear My Friends,Unknown,United States,7-25-2022
Betaal,,unknown,United States,7-26-2022,,Betaal,Unknown,United States,7-26-2022
The Lovebirds,,Michael Showalter,United States,7-27-2022,,The Lovebirds,Michael Showalter,United States,7-27-2022
Iris,,unknown,United States,7-28-2022,,Iris,Unknown,United States,7-28-2022
Avatar: The Last Airbender,,unknown,United States,7-29-2022,,Avatar: The Last Airbender,Unknown,United States,7-29-2022
Parasyte: The Maxim,,unknown,United States,7-30-2022,,Parasyte: The Maxim,Unknown,United States,7-30-2022
Strangers from Hell,,unknown,United States,7-31-2022,,Strangers from Hell,Unknown,United States,7-31-2022
Action Replayy,,Vipul Amrutlal Shah,United States,8-1-2022,,Action Replayy,Vipul Amrutlal Shah,United States,8-1-2022
Aerials,,S.A. Zaidi,United States,8-2-2022,,Aerials,S.A. Zaidi,United States,8-2-2022
In Paradox,,Hamad AlSarraf,United States,8-3-2022,,In Paradox,Hamad Alsarraf,United States,8-3-2022
Roped,,Shaun Paul Piccinino,United States,8-4-2022,,Roped,Shaun Paul Piccinino,United States,8-4-2022
Monthly Girls' Nozaki Kun,,unknown,United States,8-5-2022,,Monthly Girls' Nozaki Kun,Unknown,United States,8-5-2022
The Half Of It,,Alice Wu,United States,8-6-2022,,The Half Of It,Alice Wu,United States,8-6-2022
The Last Kingdom,,unknown,United States,8-7-2022,,The Last Kingdom,Unknown,United States,8-7-2022
Absurd Planet,,unknown,United States,8-8-2022,,Absurd Planet,Unknown,United States,8-8-2022
Fary : Hexagone,,"Adrien Lagier, Ousmane Ly",United States,8-9-2022,,Fary : Hexagone,"Adrien Lagier, Ousmane Ly",United States,8-9-2022
Jem and the Holograms,,Jon M. Chu,United States,8-10-2022,,Jem and the Holograms,Jon M. Chu,United States,8-10-2022
Code 8,,Jeff Chan,United States,8-11-2022,,Code 8,Jeff Chan,United States,8-11-2022
The Last Airbender,,M. Night Shyamalan,United States,8-12-2022,,The Last Airbender,M. Night Shyamalan,United States,8-12-2022
Dark Light,,Padraig Reynolds,United States,8-13-2022,,Dark Light,Padraig Reynolds,United States,8-13-2022
Legacies,,unknown,United States,8-14-2022,,Legacies,Unknown,United States,8-14-2022
Violet Evergarden: Eternity and the Auto Memory Doll,,Haruka Fujita,United States,8-15-2022,,Violet Evergarden: Eternity and the Auto Memory Doll,Haruka Fujita,United States,8-15-2022
The Runaways,,Floria Sigismondi,United States,8-16-2022,,The Runaways,Floria Sigismondi,United States,8-16-2022
AkbarÂ Birbal,,unknown,United States,8-17-2022,,AkbarÂ Birbal,Unknown,United States,8-17-2022
Bethany Hamilton: Unstoppable,,Aaron Lieber,United States,8-18-2022,,Bethany Hamilton: Unstoppable,Aaron Lieber,United States,8-18-2022
3022,,John Suits,United States,8-19-2022,,3022,John Suits,United States,8-19-2022
Lu Over the Wall,,Masaaki Yuasa,United States,8-20-2022,,Lu Over the Wall,Masaaki Yuasa,United States,8-20-2022
I Am Not Okay With This,,unknown,United States,8-21-2022,,I Am Not Okay With This,Unknown,United States,8-21-2022
Arrow,,James Bamford,United States,8-22-2022,,Arrow,James Bamford,United States,8-22-2022
"Faith, Hope & Love",,Robert Krantz,United States,8-23-2022,,"Faith, Hope & Love",Robert Krantz,United States,8-23-2022
Miraculous: Tales of Ladybug & Cat Noir,,Thomas Astruc,United States,8-24-2022,,Miraculous: Tales of Ladybug & Cat Noir,Thomas Astruc,United States,8-24-2022
The Brave,,William Kaufman,United States,8-25-2022,,The Brave,William Kaufman,United States,8-25-2022
Until Dawn,,unknown,United States,8-26-2022,,Until Dawn,Unknown,United States,8-26-2022
Cheer,,unknown,United States,8-27-2022,,Cheer,Unknown,United States,8-27-2022
Border Security: America's Front Line,,unknown,United States,8-28-2022,,Border Security: America's Front Line,Unknown,United States,8-28-2022
Cells at Work!,,unknown,United States,8-29-2022,,Cells at Work!,Unknown,United States,8-29-2022
You,,Lee Toland Krieger,United States,8-30-2022,,You,Lee Toland Krieger,United States,8-30-2022
Fireworks,,"Akiyuki Shinbo, Nobuyuki Takeuchi",United States,8-31-2022,,Fireworks,"Akiyuki Shinbo, Nobuyuki Takeuchi",United States,8-31-2022
Sweetheart,,J.D. Dillard,United States,9-1-2022,,Sweetheart,J.D. Dillard,United States,9-1-2022
Once Upon A Time In Lingjian Mountain,,unknown,United States,9-2-2022,,Once Upon A Time In Lingjian Mountain,Unknown,United States,9-2-2022
At the Dolphin Bay,,unknown,United States,9-3-2022,,At the Dolphin Bay,Unknown,United States,9-3-2022
K-on! the movie,,Naoko Yamada,United States,9-4-2022,,K-on! the movie,Naoko Yamada,United States,9-4-2022
The Garden of Words,,Makoto Shinkai,United States,9-5-2022,,The Garden of Words,Makoto Shinkai,United States,9-5-2022
Put Your Head on My Shoulder,,unknown,United States,9-6-2022,,Put Your Head on My Shoulder,Unknown,United States,9-6-2022
Shine On with Reese,,unknown,United States,9-7-2022,,Shine On with Reese,Unknown,United States,9-7-2022
Rattlesnake,,Zak Hilditch,United States,9-8-2022,,Rattlesnake,Zak Hilditch,United States,9-8-2022
Daybreak,,unknown,United States,9-9-2022,,Daybreak,Unknown,United States,9-9-2022
Jenny Slate: Stage Fright,,Gillian Robespierre,United States,9-10-2022,,Jenny Slate: Stage Fright,Gillian Robespierre,United States,9-10-2022
Legend Quest: Masters of Myth,,unknown,United States,9-11-2022,,Legend Quest: Masters of Myth,Unknown,United States,9-11-2022
Creeped Out,,unknown,United States,9-12-2022,,Creeped Out,Unknown,United States,9-12-2022
Raising Dion,,unknown,United States,9-13-2022,,Raising Dion,Unknown,United States,9-13-2022
Seis Manos,,unknown,United States,9-14-2022,,Seis Manos,Unknown,United States,9-14-2022
In the Shadow of the Moon,,Jim Mickle,United States,9-15-2022,,In the Shadow of the Moon,Jim Mickle,United States,9-15-2022
IZombie,,unknown,United States,9-16-2022,,IZombie,Unknown,United States,9-16-2022
Rocko's Modern Life: Static Cling,,"Joe Murray, Cosmo Segurson",United States,9-17-2022,,Rocko's Modern Life: Static Cling,"Joe Murray, Cosmo Segurson",United States,9-17-2022
PILI Fantasy: War of Dragons,,unknown,United States,9-18-2022,,PILI Fantasy: War of Dragons,Unknown,United States,9-18-2022
The Last Czars,,unknown,United States,9-19-2022,,The Last Czars,Unknown,United States,9-19-2022
Inhuman Kiss,,Sittisiri Mongkolsiri,United States,9-20-2022,,Inhuman Kiss,Sittisiri Mongkolsiri,United States,9-20-2022
Exhibit A,,unknown,United States,9-21-2022,,Exhibit A,Unknown,United States,9-21-2022
Kahaani,,Sujoy Ghosh,United States,9-22-2022,,Kahaani,Sujoy Ghosh,United States,9-22-2022
Go! Live Your Way,,unknown,United States,9-23-2022,,Go! Live Your Way,Unknown,United States,9-23-2022
Stree,,Amar Kaushik,United States,9-24-2022,,Stree,Amar Kaushik,United States,9-24-2022
We Are Legends,,Daniel Yee Heng Chan,United States,9-25-2022,,We Are Legends,Daniel Yee Heng Chan,United States,9-25-2022
Rim of the World,,McG,United States,9-26-2022,,Rim of the World,Mcg,United States,9-26-2022
The Perfection,,Richard Shepard,United States,9-27-2022,,The Perfection,Richard Shepard,United States,9-27-2022
The Lonely Island Presents: The Unauthorized Bash Brothers Experience,,"Mike Diva, Akiva Schaffer",United States,9-28-2022,,The Lonely Island Presents: The Unauthorized Bash Brothers Experience,"Mike Diva, Akiva Schaffer",United States,9-28-2022
Chambers,,unknown,United States,9-29-2022,,Chambers,Unknown,United States,9-29-2022
Crazy Ex-Girlfriend,,unknown,United States,9-30-2022,,Crazy Ex-Girlfriend,Unknown,United States,9-30-2022
You vs. Wild,,unknown,United States,10-1-2022,,You vs. Wild,Unknown,United States,10-1-2022
Love O2O,,Tianyu Zhao,United States,10-2-2022,,Love O2O,Tianyu Zhao,United States,10-2-2022
Santa Clarita Diet,,unknown,United States,10-3-2022,,Santa Clarita Diet,Unknown,United States,10-3-2022
Into the Badlands,,unknown,United States,10-4-2022,,Into the Badlands,Unknown,United States,10-4-2022
The Kirlian Frequency,,unknown,United States,10-5-2022,,The Kirlian Frequency,Unknown,United States,10-5-2022
Marvel's The Punisher,,unknown,United States,10-6-2022,,Marvel's The Punisher,Unknown,United States,10-6-2022
Tim Minchin And The Heritage Orchestra Live,,Matt Askem,United States,10-7-2022,,Tim Minchin And The Heritage Orchestra Live,Matt Askem,United States,10-7-2022
People Just Do Nothing,,unknown,United States,10-8-2022,,People Just Do Nothing,Unknown,United States,10-8-2022
Neo Yokio,,unknown,United States,10-9-2022,,Neo Yokio,Unknown,United States,10-9-2022
Mystery Science Theater 3000: The Return,,unknown,United States,10-10-2022,,Mystery Science Theater 3000: The Return,Unknown,United States,10-10-2022
Silvana Sin Lana,,unknown,United States,10-11-2022,,Silvana Sin Lana,Unknown,United States,10-11-2022
Transfers,,unknown,United States,10-12-2022,,Transfers,Unknown,United States,10-12-2022
Wanderlust,,unknown,United States,10-13-2022,,Wanderlust,Unknown,United States,10-13-2022
Edgar Rice Burroughs' Tarzan and Jane,,unknown,United States,10-14-2022,,Edgar Rice Burroughs' Tarzan and Jane,Unknown,United States,10-14-2022
Errementari: The Blacksmith and the Devil,,Paul Urkijo Alijo,United States,10-15-2022,,Errementari: The Blacksmith and the Devil,Paul Urkijo Alijo,United States,10-15-2022
The Curious Creations of Christine McConnell,,unknown,United States,10-16-2022,,The Curious Creations of Christine McConnell,Unknown,United States,10-16-2022
Tales From the Hood 2,,"Rusty Cundieff, Darin Scott",United States,10-17-2022,,Tales From the Hood 2,"Rusty Cundieff, Darin Scott",United States,10-17-2022
Monty Python Best Bits (mostly),,unknown,United States,10-18-2022,,Monty Python Best Bits (mostly),Unknown,United States,10-18-2022
Monty Python: Before the Flying Circus,,Will Yapp,United States,10-19-2022,,Monty Python: Before the Flying Circus,Will Yapp,United States,10-19-2022
Battlefish,,unknown,United States,10-20-2022,,Battlefish,Unknown,United States,10-20-2022
Maniac,,unknown,United States,10-21-2022,,Maniac,Unknown,United States,10-21-2022
American Vandal,,unknown,United States,10-22-2022,,American Vandal,Unknown,United States,10-22-2022
If I were an Animal,,unknown,United States,10-23-2022,,If I were an Animal,Unknown,United States,10-23-2022
Ultimate Beastmaster MÃ©xico,,unknown,United States,10-24-2022,,Ultimate Beastmaster MÃ©xico,Unknown,United States,10-24-2022
Expelled from Paradise,,Seiji Mizushima,United States,10-25-2022,,Expelled from Paradise,Seiji Mizushima,United States,10-25-2022
Inspector Gadget,,unknown,United States,10-26-2022,,Inspector Gadget,Unknown,United States,10-26-2022
Come Sunday,,Joshua Marston,United States,10-27-2022,,Come Sunday,Joshua Marston,United States,10-27-2022
"Ram Dass, Going Home",,Derek Peck,United States,10-28-2022,,"Ram Dass, Going Home",Derek Peck,United States,10-28-2022
James Acaster: Repertoire,,Dan Lucchesi,United States,10-29-2022,,James Acaster: Repertoire,Dan Lucchesi,United States,10-29-2022
Holy Camp!,,"Javier Ambrossi, Javier Calvo",United States,10-30-2022,,Holy Camp!,"Javier Ambrossi, Javier Calvo",United States,10-30-2022
Episodes,,unknown,United States,10-31-2022,,Episodes,Unknown,United States,10-31-2022
SPF-18,,Alex Israel,United States,11-1-2022,,SPF-18,Alex Israel,United States,11-1-2022
Beyond Stranger Things,,unknown,United States,11-2-2022,,Beyond Stranger Things,Unknown,United States,11-2-2022
Dark Matter,,unknown,United States,11-3-2022,,Dark Matter,Unknown,United States,11-3-2022
Opening Night,,Isaac Rentz,United States,11-4-2022,,Opening Night,Isaac Rentz,United States,11-4-2022
Mindhorn,,Sean Foley,United States,11-5-2022,,Mindhorn,Sean Foley,United States,11-5-2022
Notes on Blindness,,"Peter Middleton, James Spinney",United States,11-6-2022,,Notes on Blindness,"Peter Middleton, James Spinney",United States,11-6-2022
Dead Set,,unknown,United States,11-7-2022,,Dead Set,Unknown,United States,11-7-2022
Edge of the Universe,,unknown,United States,11-8-2022,,Edge of the Universe,Unknown,United States,11-8-2022
Pee-wee's Big Holiday,,John Lee,United States,11-9-2022,,Pee-wee's Big Holiday,John Lee,United States,11-9-2022
'89,,unknown,United States,11-10-2022,,'89,Unknown,United States,11-10-2022
2036 Origin Unknown,,Hasraf Dulull,United States,11-11-2022,,2036 Origin Unknown,Hasraf Dulull,United States,11-11-2022
4th Man Out,,Andrew Nackman,United States,11-12-2022,,4th Man Out,Andrew Nackman,United States,11-12-2022
68 Kill,,Trent Haaga,United States,11-13-2022,,68 Kill,Trent Haaga,United States,11-13-2022
A Clockwork Orange,,Stanley Kubrick,United States,11-14-2022,,A Clockwork Orange,Stanley Kubrick,United States,11-14-2022
A Young Doctor's Notebook and Other Stories,,unknown,United States,11-15-2022,,A Young Doctor's Notebook and Other Stories,Unknown,United States,11-15-2022
A.X.L.,,Oliver Daly,United States,11-16-2022,,A.X.L.,Oliver Daly,United States,11-16-2022
Addicted to Life,,Thierry Donard,United States,11-17-2022,,Addicted to Life,Thierry Donard,United States,11-17-2022
All Hallows' Eve,,Charlie Vaughn,United States,11-18-2022,,All Hallows' Eve,Charlie Vaughn,United States,11-18-2022
American Psycho,,Mary Harron,United States,11-19-2022,,American Psycho,Mary Harron,United States,11-19-2022
Anjaan: Rural Myths,,unknown,United States,11-20-2022,,Anjaan: Rural Myths,Unknown,United States,11-20-2022
Basic Instinct,,Paul Verhoeven,United States,11-21-2022,,Basic Instinct,Paul Verhoeven,United States,11-21-2022
Bates Motel,,unknown,United States,11-22-2022,,Bates Motel,Unknown,United States,11-22-2022
Battlefield Recovery,,unknown,United States,11-23-2022,,Battlefield Recovery,Unknown,United States,11-23-2022
Behind the Curtain: Todrick Hall,,Katherine Fairfax Wright,United States,11-24-2022,,Behind the Curtain: Todrick Hall,Katherine Fairfax Wright,United States,11-24-2022
Butterfield 8,,Daniel Mann,United States,11-25-2022,,Butterfield 8,Daniel Mann,United States,11-25-2022
Camelia la Texana,,Carlos Bolado,United States,11-26-2022,,Camelia la Texana,Carlos Bolado,United States,11-26-2022
Carrie,,Brian De Palma,United States,11-27-2022,,Carrie,Brian De Palma,United States,11-27-2022
Case Closed,,unknown,United States,11-28-2022,,Case Closed,Unknown,United States,11-28-2022
Charlotte's Web,,"Charles A. Nichols, Iwao Takamoto",United States,11-29-2022,,Charlotte's Web,"Charles A. Nichols, Iwao Takamoto",United States,11-29-2022
Chupke Chupke,,Hrishikesh Mukherjee,United States,11-30-2022,,Chupke Chupke,Hrishikesh Mukherjee,United States,11-30-2022
Click,,Frank Coraci,United States,12-1-2022,,Click,Frank Coraci,United States,12-1-2022
Cloud Atlas,,"Lilly Wachowski, Lana Wachowski, Tom Tykwer",United States,12-2-2022,,Cloud Atlas,"Lilly Wachowski, Lana Wachowski, Tom Tykwer",United States,12-2-2022
Covered: Alive in Asia,,"Micah Bickham, Galley Molina",United States,12-3-2022,,Covered: Alive in Asia,"Micah Bickham, Galley Molina",United States,12-3-2022
Dad's Army,,unknown,United States,12-4-2022,,Dad's Army,Unknown,United States,12-4-2022
Deathgrip,,Clay Porter,United States,12-5-2022,,Deathgrip,Clay Porter,United States,12-5-2022
Devlok with Devdutt Pattanaik,,unknown,United States,12-6-2022,,Devlok with Devdutt Pattanaik,Unknown,United States,12-6-2022
El Chavo,,unknown,United States,12-7-2022,,El Chavo,Unknown,United States,12-7-2022
El Clon,,unknown,United States,12-8-2022,,El Clon,Unknown,United States,12-8-2022
Evan Almighty,,Tom Shadyac,United States,12-9-2022,,Evan Almighty,Tom Shadyac,United States,12-9-2022
Father Brown,,Ian Barber,United States,12-10-2022,,Father Brown,Ian Barber,United States,12-10-2022
Fiddler on the Roof,,Norman Jewison,United States,12-11-2022,,Fiddler on the Roof,Norman Jewison,United States,12-11-2022
Final Destination,,James Wong,United States,12-12-2022,,Final Destination,James Wong,United States,12-12-2022
Forbidden Planet,,Fred M. Wilcox,United States,12-13-2022,,Forbidden Planet,Fred M. Wilcox,United States,12-13-2022
Galavant,,unknown,United States,12-14-2022,,Galavant,Unknown,United States,12-14-2022
Gigi,,"Vincente Minnelli, Charles Walters",United States,12-15-2022,,Gigi,"Vincente Minnelli, Charles Walters",United States,12-15-2022
Gone are the Days,,Mark Landre Gould,United States,12-16-2022,,Gone are the Days,Mark Landre Gould,United States,12-16-2022
Haunters: The Art of the Scare,,Jon Schnitzer,United States,12-17-2022,,Haunters: The Art of the Scare,Jon Schnitzer,United States,12-17-2022
Haven,,unknown,United States,12-18-2022,,Haven,Unknown,United States,12-18-2022
Holy Man 2,,Note Chern-Yim,United States,12-19-2022,,Holy Man 2,Note Chern-Yim,United States,12-19-2022
Horns,,Alexandre Aja,United States,12-20-2022,,Horns,Alexandre Aja,United States,12-20-2022
Jonathan Strange & Mr Norrell,,Toby Haynes,United States,12-21-2022,,Jonathan Strange & Mr Norrell,Toby Haynes,United States,12-21-2022
Killer Klowns from Outer Space,,Stephen Chiodo,United States,12-22-2022,,Killer Klowns from Outer Space,Stephen Chiodo,United States,12-22-2022
Kingpin,,"Peter Farrelly, Bobby Farrelly",United States,12-23-2022,,Kingpin,"Peter Farrelly, Bobby Farrelly",United States,12-23-2022
Know Your Enemy - Japan,,"Frank Capra, Joris Ivens",United States,12-24-2022,,Know Your Enemy - Japan,"Frank Capra, Joris Ivens",United States,12-24-2022
Left Behind,,Vic Armstrong,United States,12-25-2022,,Left Behind,Vic Armstrong,United States,12-25-2022
LEGO Ninjago: Masters of Spinjitzu: Day of the Departed,,unknown,United States,12-26-2022,,LEGO Ninjago: Masters of Spinjitzu: Day of the Departed,Unknown,United States,12-26-2022
Man vs Wild with Sunny Leone,,unknown,United States,12-27-2022,,Man vs Wild with Sunny Leone,Unknown,United States,12-27-2022
Mars,,Everardo Gout,United States,12-28-2022,,Mars,Everardo Gout,United States,12-28-2022
Miss Hokusai,,Keiichi Hara,United States,12-29-2022,,Miss Hokusai,Keiichi Hara,United States,12-29-2022
Mohawk,,Ted Geoghegan,United States,12-30-2022,,Mohawk,Ted Geoghegan,United States,12-30-2022
Once Upon a Time in the West,,Sergio Leone,United States,12-31-2022,,Once Upon a Time in the West,Sergio Leone,United States,12-31-2022
Only God Forgives,,Nicolas Winding Refn,United States,1-1-2023,,Only God Forgives,Nicolas Winding Refn,United States,1-1-2023
Pacific Heat,,unknown,United States,1-2-2023,,Pacific Heat,Unknown,United States,1-2-2023
Paris Is Burning,,Jennie Livingston,United States,1-3-2023,,Paris Is Burning,Jennie Livingston,United States,1-3-2023
Pee-wee's Playhouse,,unknown,United States,1-4-2023,,Pee-wee's Playhouse,Unknown,United States,1-4-2023
Philadelphia,,Jonathan Demme,United States,1-5-2023,,Philadelphia,Jonathan Demme,United States,1-5-2023
Raging Bull,,Martin Scorsese,United States,1-6-2023,,Raging Bull,Martin Scorsese,United States,1-6-2023
Red Dawn,,John Milius,United States,1-7-2023,,Red Dawn,John Milius,United States,1-7-2023
Romeo Ranjha,,Navaniat Singh,United States,1-8-2023,,Romeo Ranjha,Navaniat Singh,United States,1-8-2023
Rosemary's Baby,,Roman Polanski,United States,1-9-2023,,Rosemary's Baby,Roman Polanski,United States,1-9-2023
Scandal in Sorrento,,Dino Risi,United States,1-10-2023,,Scandal in Sorrento,Dino Risi,United States,1-10-2023
Searching for Bobby Fischer,,Steven Zaillian,United States,1-11-2023,,Searching for Bobby Fischer,Steven Zaillian,United States,1-11-2023
Soul Surfer,,Sean McNamara,United States,1-12-2023,,Soul Surfer,Sean Mcnamara,United States,1-12-2023
Strictly Ballroom,,Baz Luhrmann,United States,1-13-2023,,Strictly Ballroom,Baz Luhrmann,United States,1-13-2023
Sweeney Todd: The Demon Barber of Fleet Street,,Tim Burton,United States,1-14-2023,,Sweeney Todd: The Demon Barber of Fleet Street,Tim Burton,United States,1-14-2023
The Crying Game,,Neil Jordan,United States,1-15-2023,,The Crying Game,Neil Jordan,United States,1-15-2023
The Lamb,,Timothy Reckart,United States,1-16-2023,,The Lamb,Timothy Reckart,United States,1-16-2023
The Longest Yard,,Robert Aldrich,United States,1-17-2023,,The Longest Yard,Robert Aldrich,United States,1-17-2023
The Longshots,,Fred Durst,United States,1-18-2023,,The Longshots,Fred Durst,United States,1-18-2023
The Space Between Us,,Peter Chelsom,United States,1-19-2023,,The Space Between Us,Peter Chelsom,United States,1-19-2023
The Twilight Zone (Original Series),,unknown,United States,1-20-2023,,The Twilight Zone (Original Series),Unknown,United States,1-20-2023
"To Wong Foo, Thanks for Everything! Julie Newmar",,Beeban Kidron,United States,1-21-2023,,"To Wong Foo, Thanks for Everything! Julie Newmar",Beeban Kidron,United States,1-21-2023
Tremors 2: Aftershocks,,S.S. Wilson,United States,1-22-2023,,Tremors 2: Aftershocks,S.S. Wilson,United States,1-22-2023
Tremors 6: A Cold Day in Hell,,Don Michael Paul,United States,1-23-2023,,Tremors 6: A Cold Day in Hell,Don Michael Paul,United States,1-23-2023
Twin Peaks,,unknown,United States,1-24-2023,,Twin Peaks,Unknown,United States,1-24-2023
Under an Arctic Sky,,Chris Burkard,United States,1-25-2023,,Under an Arctic Sky,Chris Burkard,United States,1-25-2023
Yes or No,,Saratswadee Wongsomphet,United States,1-26-2023,,Yes or No,Saratswadee Wongsomphet,United States,1-26-2023
Zodiac,,David Fincher,United States,1-27-2023,,Zodiac,David Fincher,United States,1-27-2023
